DATE,TIME,VOLTAGE,CURRENT,POWER,UNITS
01/02/2025,00:00:00,53.32278313,0.1060579359,5.655304314,0.005655304314
01/02/2025,01:23:36,69.32272408,1.619930905,112.2980232,0.1179533275
01/02/2025,02:47:12,48.0653387,1.47325516,70.81250826,0.1887658357
01/02/2025,04:10:48,52.38689764,0.2195645872,11.50230755,0.2002681433
01/02/2025,05:34:24,62.97528824,0.7343719342,46.24728423,0.2465154275
01/02/2025,06:58:01,55.63057229,1.926965296,107.1981822,0.3537136097
01/02/2025,08:21:37,63.20954462,1.021001447,64.53703655,0.4182506463
01/02/2025,09:45:13,69.81850231,0.04309880678,3.009094141,0.4212597404
01/02/2025,11:08:49,58.69590523,1.738870575,102.0645825,0.5233243229
01/02/2025,12:32:25,63.45649594,1.587812227,100.7570002,0.624081323
01/02/2025,13:56:02,68.34108528,1.001507107,68.44408263,0.6925254057
01/02/2025,15:19:38,28.99267849,0.2268831395,6.577949919,0.6991033556
01/02/2025,16:43:14,58.79815683,0.4594702481,27.01600371,0.7261193593
01/02/2025,18:06:50,81.74716577,1.455452917,118.9791509,0.8450985102
01/02/2025,19:30:27,67.08584124,0.8696034026,58.33807581,0.903436586
01/02/2025,20:54:03,55.80014226,1.212617204,67.6642125,0.9711007985
01/02/2025,22:17:39,72.12708039,0.4283758228,30.89749741,1.001998296
01/02/2025,23:41:15,42.72582192,0.7590234969,32.42990276,1.034428199
02/02/2025,01:04:51,67.36424037,2.818243656,189.8488431,1.224277042
02/02/2025,02:28:28,83.68371872,0.339931388,28.44672265,1.252723764
02/02/2025,03:52:04,38.98350503,1.569729578,61.19356092,1.313917325
02/02/2025,05:15:40,55.65804257,0.2607173533,14.51101755,1.328428343
02/02/2025,06:39:16,68.503382,0.04116295037,2.819801313,1.331248144
02/02/2025,08:02:52,66.18534274,0.09080201836,6.009762706,1.337257907
02/02/2025,09:26:29,44.16197307,0.7942713503,35.07658999,1.372334497
02/02/2025,10:50:05,81.72025365,0.4246577629,34.7031401,1.407037637
02/02/2025,12:13:41,72.01988393,0.03165660769,2.279905212,1.409317542
02/02/2025,13:37:17,64.6865892,0.05317527516,3.43972718,1.412757269
02/02/2025,15:00:54,63.68279647,0.6194139698,39.44601377,1.452203283
02/02/2025,16:24:30,59.81159922,0.3113904791,18.62476253,1.470828046
02/02/2025,17:48:06,37.11596318,0.4645582666,17.24252752,1.488070573
02/02/2025,19:11:42,57.27700485,0.1315497195,7.534773923,1.495605347
02/02/2025,20:35:18,43.05488549,0.2495937229,10.74622916,1.506351576
02/02/2025,21:58:55,67.08540568,0.265620919,17.8192871,1.524170863
02/02/2025,23:22:31,59.23762653,1.046704878,62.00431267,1.586175176
03/02/2025,00:46:07,58.79497117,0.468365238,27.53752067,1.613712697
03/02/2025,02:09:43,54.01343984,1.122647147,60.63803415,1.674350731
03/02/2025,03:33:20,66.25361938,1.364148456,90.37977257,1.764730503
03/02/2025,04:56:56,53.99731605,0.4814799248,25.99862367,1.790729127
03/02/2025,06:20:32,66.41060694,1.228923452,81.6135523,1.872342679
03/02/2025,07:44:08,63.44424362,0.9767606411,61.96984007,1.934312519
03/02/2025,09:07:44,47.16231816,1.71442969,80.85647847,2.015168998
03/02/2025,10:31:21,45.59722527,0.1626732876,7.41745054,2.022586448
03/02/2025,11:54:57,65.66416721,0.2904721666,19.07361292,2.041660061
03/02/2025,13:18:33,54.23940513,0.2604426995,14.12625709,2.055786318
03/02/2025,14:42:09,68.01971632,0.6207916249,42.22607022,2.098012389
03/02/2025,16:05:45,75.22103783,0.2257796202,16.98337735,2.114995766
03/02/2025,17:29:22,68.28606373,1.267147359,86.52850534,2.201524271
03/02/2025,18:52:58,52.96762237,0.3221205851,17.06196151,2.218586233
03/02/2025,20:16:34,62.63154971,0.8673181878,54.32148219,2.272907715
03/02/2025,21:40:10,51.01370029,0.5123791372,26.13835574,2.299046071
03/02/2025,23:03:47,66.89251744,0.8196271662,54.82692451,2.353872995
04/02/2025,00:27:23,54.44253382,0.3527488861,19.20454316,2.373077539
04/02/2025,01:50:59,48.08543226,1.387350378,66.71134261,2.439788881
04/02/2025,03:14:35,41.25435463,0.5487068493,22.63654695,2.462425428
04/02/2025,04:38:11,66.12133602,0.3321755681,21.96389236,2.48438932
04/02/2025,06:01:48,46.56260885,0.6771223655,31.52858385,2.515917904
04/02/2025,07:25:24,45.49352696,0.3006600402,13.67808565,2.52959599
04/02/2025,08:49:00,59.93971128,0.560754347,33.61145366,2.563207444
04/02/2025,10:12:36,79.7655203,1.186912357,94.6746817,2.657882125
04/02/2025,11:36:12,52.45980798,2.166272653,113.6422474,2.771524373
04/02/2025,12:59:49,71.49371416,0.5155173913,36.85625301,2.808380626
04/02/2025,14:23:25,67.37224283,0.2022807694,13.62810912,2.822008735
04/02/2025,15:47:01,55.43697669,0.3708443676,20.55849056,2.842567225
04/02/2025,17:10:37,60.22450994,1.652743435,99.53566343,2.942102889
04/02/2025,18:34:14,48.83409758,0.07425838683,3.626341309,2.94572923
04/02/2025,19:57:50,47.37215933,0.8695755494,41.19367148,2.986922902
04/02/2025,21:21:26,58.54320334,0.4519574286,26.45903564,3.013381937
04/02/2025,22:45:02,52.01098222,0.4236675164,22.03536366,3.035417301
05/02/2025,00:08:38,60.66124315,1.062026551,64.42385082,3.099841152
05/02/2025,01:32:15,60.20616305,0.5083893194,30.60817026,3.130449322
05/02/2025,02:55:51,46.31303764,0.7001416721,32.42568761,3.16287501
05/02/2025,04:19:27,59.92646612,0.3935315244,23.58295357,3.186457963
05/02/2025,05:43:03,80.4655868,0.01888652676,1.519715458,3.187977679
05/02/2025,07:06:40,65.46938562,0.3612936171,23.65367114,3.21163135
05/02/2025,08:30:16,74.42064921,1.173986029,87.36880245,3.299000152
05/02/2025,09:53:52,57.00326656,1.085648564,61.88551446,3.360885667
05/02/2025,11:17:28,66.03828311,0.9415546885,62.17865508,3.423064322
05/02/2025,12:41:04,87.28099455,0.3710645716,32.38688485,3.455451207
05/02/2025,14:04:41,52.4228514,0.8835598763,46.3187281,3.501769935
05/02/2025,15:28:17,58.63657264,0.5777379705,33.87657447,3.535646509
05/02/2025,16:51:53,68.05210396,1.888941507,128.5464438,3.664192953
05/02/2025,18:15:29,44.87696713,0.08880320694,3.985218598,3.668178172
05/02/2025,19:39:05,56.41883885,1.735050018,97.88950735,3.766067679
05/02/2025,21:02:42,72.58825848,1.878242522,136.3383537,3.902406033
05/02/2025,22:26:18,62.66440053,0.2341099475,14.67035952,3.917076392
05/02/2025,23:49:54,46.14462066,0.2870394039,13.24532441,3.930321717
06/02/2025,01:13:30,74.37323673,1.169606647,86.98743203,4.017309149
06/02/2025,02:37:07,61.3285001,0.4148181867,25.44017721,4.042749326
06/02/2025,04:00:43,64.56688382,0.3561558131,22.99587101,4.065745197
06/02/2025,05:24:19,59.56059974,2.054020045,122.3386658,4.188083863
06/02/2025,06:47:55,51.76805445,0.7519418672,38.92656752,4.22701043
06/02/2025,08:11:31,58.65616304,0.3918356714,22.98357703,4.249994007
06/02/2025,09:35:08,54.95514091,0.9786851394,53.78377974,4.303777787
06/02/2025,10:58:44,55.76709031,0.1592980777,8.883590284,4.312661377
06/02/2025,12:22:20,49.88464122,0.579807625,28.92349535,4.341584872
06/02/2025,13:45:56,59.80429793,0.7262310728,43.43173945,4.385016612
06/02/2025,15:09:32,60.40968849,1.077025156,65.06275417,4.450079366
06/02/2025,16:33:09,76.35243132,0.4372561545,33.38557051,4.483464937
06/02/2025,17:56:45,60.3543199,0.3856818479,23.27756563,4.506742502
06/02/2025,19:20:21,59.13143469,1.447808394,85.61098751,4.59235349
06/02/2025,20:43:57,62.66853241,0.09844929483,6.169672823,4.598523163
06/02/2025,22:07:34,85.82313256,0.7530083432,64.62553485,4.663148697
06/02/2025,23:31:10,78.39692294,0.6981102888,54.72969852,4.717878396
07/02/2025,00:54:46,39.9329526,0.0624835191,2.495151406,4.720373547
07/02/2025,02:18:22,77.37611959,0.08500173026,6.577104046,4.726950651
07/02/2025,03:41:58,72.13165967,0.91572079,66.05246038,4.793003112
07/02/2025,05:05:35,56.4578989,0.03493743656,1.972494261,4.794975606
07/02/2025,06:29:11,57.50780199,1.762666644,101.3670843,4.89634269
07/02/2025,07:52:47,63.69397706,1.38293148,88.08440593,4.984427096
07/02/2025,09:16:23,45.99932617,0.9563349331,43.99076252,5.028417859
07/02/2025,10:39:59,70.79761891,0.1985450938,14.05651989,5.042474379
07/02/2025,12:03:36,83.22212882,0.5627032598,46.82936317,5.089303742
07/02/2025,13:27:12,72.00834009,1.088677295,78.39384492,5.167697587
07/02/2025,14:50:48,57.89315858,0.9474535952,54.85108123,5.222548668
07/02/2025,16:14:24,62.14830339,0.4604408216,28.61561587,5.251164284
07/02/2025,17:38:01,75.06450891,0.9636758917,72.33785756,5.323502141
07/02/2025,19:01:37,66.35548897,1.970876586,130.7784796,5.454280621
07/02/2025,20:25:13,48.37472708,0.07445893708,3.60193076,5.457882552
07/02/2025,21:48:49,68.07787506,0.8812816421,59.99578152,5.517878333
07/02/2025,23:12:25,68.51452853,1.134847314,77.75352868,5.595631862
08/02/2025,00:36:02,70.16064206,0.09759607656,6.847403394,5.602479265
08/02/2025,01:59:38,61.85052152,1.445695352,89.41701151,5.691896277
08/02/2025,03:23:14,38.59622164,0.2358272483,9.102040747,5.700998318
08/02/2025,04:46:50,81.05523198,0.3626218066,29.39239466,5.730390712
08/02/2025,06:10:27,64.49880528,0.401569894,25.9007784,5.756291491
08/02/2025,07:34:03,47.44030626,1.010658828,47.94596433,5.804237455
08/02/2025,08:57:39,65.54451442,1.42202043,93.20563855,5.897443094
08/02/2025,10:21:15,28.51184996,1.003000235,28.5973922,5.926040486
08/02/2025,11:44:51,64.79194205,1.444166717,93.57036625,6.019610852
08/02/2025,13:08:28,62.9230991,0.1576325452,9.918728266,6.02952958
08/02/2025,14:32:04,71.42424215,0.1320006572,9.428046903,6.038957627
08/02/2025,15:55:40,63.16048375,0.4646420699,29.34701791,6.068304645
08/02/2025,17:19:16,72.05292546,1.20955417,87.15191644,6.155456561
08/02/2025,18:42:52,41.70213687,0.5446042595,22.71116137,6.178167723
08/02/2025,20:06:29,69.52469716,0.2802802533,19.48639973,6.197654123
08/02/2025,21:30:05,52.81608197,0.08338028731,4.403820089,6.202057943
08/02/2025,22:53:41,76.42850937,0.3754370558,28.69409453,6.230752037
09/02/2025,00:17:17,71.89233547,1.444550501,103.8521093,6.334604146
09/02/2025,01:40:54,64.12121728,0.5466123795,35.04945116,6.369653598
09/02/2025,03:04:30,53.84291407,0.1436087678,7.732314544,6.377385912
09/02/2025,04:28:06,58.75496221,1.220822459,71.72937745,6.44911529
09/02/2025,05:51:42,64.27355738,0.8322878919,53.49410357,6.502609393
09/02/2025,07:15:18,70.90829835,0.6330464994,44.88825005,6.547497643
09/02/2025,08:38:55,74.82963613,1.419520823,106.2222267,6.65371987
09/02/2025,10:02:31,42.43950946,0.4166897379,17.68410808,6.671403978
09/02/2025,11:26:07,62.16794442,0.1929167623,11.99323856,6.683397217
09/02/2025,12:49:43,52.91736772,0.4908105589,25.97240283,6.709369619
09/02/2025,14:13:20,51.7310177,1.517017617,78.47686517,6.787846485
09/02/2025,15:36:56,50.1316142,0.953664452,47.80873839,6.835655223
09/02/2025,17:00:32,59.61092713,0.7590317218,45.24658465,6.880901808
09/02/2025,18:24:08,50.41853299,0.3445932703,17.37388717,6.898275695
09/02/2025,19:47:44,83.64648061,1.036534287,86.70244514,6.98497814
09/02/2025,21:11:21,73.73498985,1.07773875,79.46705581,7.064445196
09/02/2025,22:34:57,69.49998924,0.9554688403,66.40507412,7.13085027
09/02/2025,23:58:33,66.58814919,1.206514875,80.33959251,7.211189862
10/02/2025,01:22:09,72.36583584,0.05092446719,3.685191633,7.214875054
10/02/2025,02:45:45,65.66962715,1.540302394,101.1510839,7.316026138
10/02/2025,04:09:22,51.22193767,0.6270304343,32.11771382,7.348143852
10/02/2025,05:32:58,57.37025863,0.4205979595,24.12981371,7.372273665
10/02/2025,06:56:34,69.18914313,0.4202474977,29.07656427,7.40135023
10/02/2025,08:20:10,21.49730647,0.3661672038,7.871608598,7.409221838
10/02/2025,09:43:47,44.64992212,0.5551961043,24.78946282,7.434011301
10/02/2025,11:07:23,52.0472383,1.150680681,59.88975159,7.493901053
10/02/2025,12:30:59,72.74003902,1.94632384,141.5756721,7.635476725
10/02/2025,13:54:35,60.54406934,0.04695316774,2.842735843,7.638319461
10/02/2025,15:18:11,84.59219877,1.259767477,106.5665008,7.744885961
10/02/2025,16:41:48,53.11147099,1.114416604,59.18830512,7.804074266
10/02/2025,18:05:24,69.56550846,0.2866240312,19.93914647,7.824013413
10/02/2025,19:29:00,23.42961014,0.3791961474,8.884417903,7.832897831
10/02/2025,20:52:36,48.46729772,1.687511723,81.78913306,7.914686964
10/02/2025,22:16:12,46.84632588,0.5828060807,27.30232358,7.941989287
10/02/2025,23:39:49,52.0438611,0.6461169663,33.62642165,7.975615709
11/02/2025,01:03:25,75.02296565,0.2023428498,15.18036067,7.99079607
11/02/2025,02:27:01,59.59359277,1.342005082,79.97490434,8.070770974
11/02/2025,03:50:37,71.85204321,1.50250927,107.958361,8.178729335
11/02/2025,05:14:14,52.53863195,0.4622909987,24.28813663,8.203017472
11/02/2025,06:37:50,51.32471343,0.168798384,8.663528686,8.211681
11/02/2025,08:01:26,41.69695215,0.7134869526,29.75023132,8.241431232
11/02/2025,09:25:02,55.80273544,0.5571475338,31.09035643,8.272521588
11/02/2025,10:48:38,55.83139098,1.03895078,58.00606719,8.330527655
11/02/2025,12:12:15,51.38174795,0.01000930222,0.5142954438,8.331041951
11/02/2025,13:35:51,45.19654486,0.8412470543,38.02146023,8.369063411
11/02/2025,14:59:27,59.67150504,0.7928371154,47.30978393,8.416373195
11/02/2025,16:23:03,57.25598943,0.4263100302,24.40880258,8.440781998
11/02/2025,17:46:39,73.77200534,0.4192517636,30.92904334,8.471711041
11/02/2025,19:10:16,50.49860461,1.06735839,53.90010932,8.52561115
11/02/2025,20:33:52,65.43757301,0.5204518007,34.0571027,8.559668253
11/02/2025,21:57:28,80.4377806,0.01481990131,1.19207997,8.560860333
11/02/2025,23:21:04,66.84511061,1.23205624,82.35693564,8.643217269
12/02/2025,00:44:41,65.15605267,0.7246158949,47.21311141,8.69043038
12/02/2025,02:08:17,56.28720157,0.9027957678,50.81584735,8.741246227
12/02/2025,03:31:53,69.3488292,0.704833849,48.87940221,8.79012563
12/02/2025,04:55:29,71.23820305,0.1402024193,9.987768417,8.800113398
12/02/2025,06:19:05,40.90525267,0.8739720699,35.75004834,8.835863446
12/02/2025,07:42:42,62.27514073,2.149452858,133.8574792,8.969720926
12/02/2025,09:06:18,62.38120086,0.5899287898,36.80046633,9.006521392
12/02/2025,10:29:54,88.9165321,0.7508531405,66.76325737,9.073284649
12/02/2025,11:53:30,74.57580171,0.2016184307,15.03585611,9.088320505
12/02/2025,13:17:07,54.62299653,0.8514999921,46.51148111,9.134831986
12/02/2025,14:40:43,62.74642562,1.064992627,66.82448068,9.201656467
12/02/2025,16:04:19,45.93261423,1.180759268,54.23535994,9.255891827
12/02/2025,17:27:55,54.40425251,0.2881838167,15.67842514,9.271570252
12/02/2025,18:51:31,58.9619562,0.3405864177,20.08164144,9.291651894
12/02/2025,20:15:08,67.5987466,0.5148762149,34.80498678,9.32645688
12/02/2025,21:38:44,74.61671173,0.3383775707,25.24862165,9.351705502
12/02/2025,23:02:20,63.88198525,0.2364795925,15.10678584,9.366812288
13/02/2025,00:25:56,69.9044753,0.5061005755,35.37869518,9.402190983
13/02/2025,01:49:32,61.23718773,0.42165812,25.82115745,9.428012141
13/02/2025,03:13:09,78.80693193,0.8110512151,63.9164579,9.491928598
13/02/2025,04:36:45,52.61896235,1.093118619,57.51876743,9.549447366
13/02/2025,06:00:21,82.42523664,1.084342928,89.37722244,9.638824588
13/02/2025,07:23:57,76.02140805,1.466574018,111.4910218,9.75031561
13/02/2025,08:47:34,62.60000008,1.445152636,90.46655515,9.840782165
13/02/2025,10:11:10,73.80849099,0.00823804814,0.6080379019,9.841390203
13/02/2025,11:34:46,79.30697724,0.5973535882,47.37430742,9.888764511
13/02/2025,12:58:22,84.73295915,0.2467329412,20.90641223,9.909670923
13/02/2025,14:21:58,51.20125334,0.0940211738,4.814001939,9.914484925
13/02/2025,15:45:35,69.13723031,0.5240754666,36.23312623,9.950718051
13/02/2025,17:09:11,42.74526961,0.3978990155,17.0083007,9.967726352
13/02/2025,18:32:47,63.28690639,0.979248401,61.97360189,10.02969995
13/02/2025,19:56:23,48.55771015,0.01068367581,0.5187748335,10.03021873
13/02/2025,21:19:59,70.26485775,0.8663004738,60.87047957,10.09108921
13/02/2025,22:43:36,59.45316988,0.3675436785,21.85163676,10.11294084
14/02/2025,00:07:12,46.1308626,1.697045222,78.28615996,10.191227
14/02/2025,01:30:48,80.21852052,1.422514271,114.1119903,10.30533899
14/02/2025,02:54:24,46.08003396,0.2486828878,11.45931591,10.31679831
14/02/2025,04:18:01,49.247079,0.4828054035,23.77675585,10.34057507
14/02/2025,05:41:37,69.68650463,1.128911842,78.66992027,10.41924499
14/02/2025,07:05:13,61.74799271,1.17312935,72.43838255,10.49168337
14/02/2025,08:28:49,65.07357976,1.137515479,74.02220428,10.56570557
14/02/2025,09:52:25,39.04174672,1.170529009,45.6994971,10.61140507
14/02/2025,11:16:02,53.37271581,0.3257874411,17.38816051,10.62879323
14/02/2025,12:39:38,36.52031248,1.740807338,63.57482796,10.69236806
14/02/2025,14:03:14,54.62556284,0.2038016955,11.13278232,10.70350084
14/02/2025,15:26:50,57.67302957,0.08369816436,4.827126708,10.70832797
14/02/2025,16:50:27,65.32959241,0.4127686011,26.96600447,10.73529397
14/02/2025,18:14:03,46.65038932,0.2439117382,11.37857754,10.74667255
14/02/2025,19:37:39,45.74914672,0.1539895318,7.044889685,10.75371744
14/02/2025,21:01:15,62.63887373,0.4125663916,25.84269411,10.77956013
14/02/2025,22:24:51,57.17084578,0.7320283705,41.85068108,10.82141082
14/02/2025,23:48:28,69.85472845,1.686007066,117.7755658,10.93918638
15/02/2025,01:12:04,59.50487534,1.344090985,79.97996651,11.01916635
15/02/2025,02:35:40,40.40614626,1.27172092,51.38534151,11.07055169
15/02/2025,03:59:16,47.13392669,1.180409967,55.63735683,11.12618905
15/02/2025,05:22:52,72.14675932,0.8864754634,63.9563319,11.19014538
15/02/2025,06:46:29,40.54538576,2.077916728,84.24993533,11.27439531
15/02/2025,08:10:05,53.29125624,0.06297415141,3.35597164,11.27775128
15/02/2025,09:33:41,59.38578062,0.7849347298,46.61396166,11.32436525
15/02/2025,10:57:17,66.6234806,0.6577146039,43.81923615,11.36818448
15/02/2025,12:20:54,95.12135759,0.7503680072,71.37602354,11.43956051
15/02/2025,13:44:30,54.25648284,0.9471601715,51.38957959,11.49095009
15/02/2025,15:08:06,71.77511684,0.1016628075,7.29685989,11.49824695
15/02/2025,16:31:42,47.27491989,1.69081383,79.93308836,11.57818003
15/02/2025,17:55:18,45.49955961,0.3466988077,15.77464307,11.59395468
15/02/2025,19:18:55,56.1629312,0.4026216694,22.61241312,11.61656709
15/02/2025,20:42:31,66.40181199,0.5574716084,37.01712493,11.65358422
15/02/2025,22:06:07,74.33883547,0.2207050233,16.40695442,11.66999117
15/02/2025,23:29:43,65.15290212,0.535153513,34.86680445,11.70485797
16/02/2025,00:53:20,56.21598481,0.2775260092,15.60139792,11.72045937
16/02/2025,02:16:56,91.82912183,0.798844675,73.35720499,11.79381658
16/02/2025,03:40:32,58.77944991,0.6542992744,38.45935143,11.83227593
16/02/2025,05:04:08,67.63056152,0.4637227915,31.36183278,11.86363776
16/02/2025,06:27:44,72.76668293,0.1052655534,7.65982515,11.87129759
16/02/2025,07:51:21,43.54042332,0.06752873021,2.9402295,11.87423782
16/02/2025,09:14:57,59.37870018,0.9187970499,54.55697455,11.92879479
16/02/2025,10:38:33,54.97291203,0.322082444,17.70580986,11.9465006
16/02/2025,12:02:09,58.08598917,0.5558343785,32.28618969,11.97878679
16/02/2025,13:25:45,49.76763664,1.193833431,59.4142684,12.03820106
16/02/2025,14:49:22,82.68753519,0.2965862431,24.52398541,12.06272504
16/02/2025,16:12:58,70.05244728,0.9108217115,63.80528992,12.12653033
16/02/2025,17:36:34,71.66431139,2.052855111,147.1164479,12.27364678
16/02/2025,19:00:10,63.23356946,1.519095556,96.05783436,12.36970462
16/02/2025,20:23:47,80.22437018,0.7117255313,57.09773249,12.42680235
16/02/2025,21:47:23,67.13943137,1.048139533,70.37149227,12.49717384
16/02/2025,23:10:59,76.4808569,0.9863033294,75.4333238,12.57260716
17/02/2025,00:34:35,57.13194827,0.3306759693,18.89216237,12.59149933
17/02/2025,01:58:11,61.59017308,0.4662290318,28.71512676,12.62021445
17/02/2025,03:21:48,57.20226803,1.018576613,58.26489245,12.67847935
17/02/2025,04:45:24,59.41296464,0.7357078788,43.71058619,12.72218993
17/02/2025,06:09:00,43.071005,1.072177409,46.17975856,12.76836969
17/02/2025,07:32:36,45.24089875,1.313731977,59.43441535,12.82780411
17/02/2025,08:56:12,65.09641747,2.745807169,178.7422098,13.00654632
17/02/2025,10:19:49,70.61384988,2.103046177,148.504187,13.1550505
17/02/2025,11:43:25,67.7304256,0.446297569,30.22792429,13.18527843
17/02/2025,13:07:01,68.94425771,0.4014589866,27.67829184,13.21295672
17/02/2025,14:30:37,68.00235693,0.9099210121,61.87677344,13.27483349
17/02/2025,15:54:14,49.97796546,0.02130241922,1.064651572,13.27589814
17/02/2025,17:17:50,61.80154165,0.0833491075,5.151103339,13.28104925
17/02/2025,18:41:26,62.57162735,1.340716271,83.89079888,13.36494005
17/02/2025,20:05:02,67.69908846,0.7787971857,52.72385957,13.41766391
17/02/2025,21:28:38,57.55035443,1.729824419,99.55200842,13.51721591
17/02/2025,22:52:15,52.72282587,1.541948883,81.29590247,13.59851182
18/02/2025,00:15:51,60.79342024,0.4427629513,26.91707416,13.62542889
18/02/2025,01:39:27,56.96608246,1.518729421,86.51606543,13.71194496
18/02/2025,03:03:03,83.75685431,0.2124102095,17.79081097,13.72973577
18/02/2025,04:26:40,76.81833622,0.09264754153,7.117029995,13.7368528
18/02/2025,05:50:16,52.94033439,0.157348831,8.33009973,13.7451829
18/02/2025,07:13:52,60.6947048,1.312550463,79.66486287,13.82484776
18/02/2025,08:37:28,64.78746415,0.3878700376,25.12911615,13.84997688
18/02/2025,10:01:04,63.40633748,2.357140033,149.4576164,13.99943449
18/02/2025,11:24:41,59.44235481,0.03631721156,2.158780575,14.00159327
18/02/2025,12:48:17,84.5739171,0.4951808517,41.8793843,14.04347266
18/02/2025,14:11:53,77.66623964,0.78991262,61.34954284,14.1048222
18/02/2025,15:35:29,69.90307002,0.7414375516,51.82876109,14.15665096
18/02/2025,16:59:05,68.45071752,1.17760844,80.60814267,14.2372591
18/02/2025,18:22:42,68.18404849,0.9230616538,62.93808057,14.30019718
18/02/2025,19:46:18,53.00010912,1.070407586,56.73171885,14.3569289
18/02/2025,21:09:54,72.13685908,0.01736376088,1.252567172,14.35818147
18/02/2025,22:33:30,66.63575368,0.3860694069,25.7260259,14.3839075
18/02/2025,23:57:07,56.9792253,1.356072876,77.26798191,14.46117548
19/02/2025,01:20:43,64.24562921,0.6976359663,44.82006161,14.50599554
19/02/2025,02:44:19,75.25042588,1.118962952,84.20243865,14.59019798
19/02/2025,04:07:55,63.18575519,0.333358297,21.06349575,14.61126147
19/02/2025,05:31:31,53.54505684,0.2029168455,10.86519403,14.62212667
19/02/2025,06:55:08,67.19837335,2.050921124,137.8185634,14.75994523
19/02/2025,08:18:44,63.64205394,1.815404988,115.5361022,14.87548133
19/02/2025,09:42:20,51.78416009,1.286621271,66.62660186,14.94210794
19/02/2025,11:05:56,47.09160136,1.087049297,51.19089215,14.99329883
19/02/2025,12:29:32,46.47081324,0.01262274196,0.5865890844,14.99388542
19/02/2025,13:53:09,52.82986406,0.4652125299,24.57711471,15.01846253
19/02/2025,15:16:45,64.56417807,1.667554822,107.6643065,15.12612684
19/02/2025,16:40:21,53.21595776,1.116234202,59.40147215,15.18552831
19/02/2025,18:03:57,70.31341778,0.3299436888,23.19946844,15.20872778
19/02/2025,19:27:34,79.04417547,0.1381717942,10.92167554,15.21964945
19/02/2025,20:51:10,73.60697093,0.1644853036,12.10726496,15.23175672
19/02/2025,22:14:46,62.44648288,0.3017307633,18.84202494,15.25059874
19/02/2025,23:38:22,58.44701398,0.6444377125,37.66545999,15.2882642
20/02/2025,01:01:58,61.06096074,0.6010742394,36.70217053,15.32496637
20/02/2025,02:25:35,69.19279693,0.3668906073,25.38618729,15.35035256
20/02/2025,03:49:11,66.12992331,0.4690003092,31.01495448,15.38136752
20/02/2025,05:12:47,60.85673149,0.219026392,13.32923033,15.39469675
20/02/2025,06:36:23,62.59851253,0.3101706689,19.4162225,15.41411297
20/02/2025,07:59:59,51.65243169,0.3356076589,17.33495167,15.43144792
20/02/2025,09:23:36,57.52705122,0.9996812208,57.5087128,15.48895663
20/02/2025,10:47:12,54.02781007,0.133560017,7.215955231,15.49617259
20/02/2025,12:10:48,46.29583994,0.9105831339,42.15621102,15.5383288
20/02/2025,13:34:24,57.53274518,0.5589599996,32.15850322,15.5704873
20/02/2025,14:58:01,82.67000102,0.8454587478,69.89407554,15.64038138
20/02/2025,16:21:37,65.36963012,0.3577878875,23.38846187,15.66376984
20/02/2025,17:45:13,61.36906725,0.1356786712,8.326473498,15.67209631
20/02/2025,19:08:49,45.01075843,1.967016466,88.53690299,15.76063322
20/02/2025,20:32:25,39.22421565,1.542644408,60.50901692,15.82114223
20/02/2025,21:56:02,42.27673281,1.766836637,74.69608045,15.89583831
20/02/2025,23:19:38,56.68674458,0.732324408,41.51308667,15.9373514
21/02/2025,00:43:14,67.33651527,0.03557721537,2.395645706,15.93974705
21/02/2025,02:06:50,50.20706166,0.1225787991,6.154321323,15.94590137
21/02/2025,03:30:27,57.19153928,0.1764493916,10.09141231,15.95599278
21/02/2025,04:54:03,71.06548751,1.123276865,79.826218,16.035819
21/02/2025,06:17:39,59.25114441,1.453299202,86.1096409,16.12192864
21/02/2025,07:41:15,57.52828281,0.4383877218,25.21969284,16.14714833
21/02/2025,09:04:51,60.36985426,0.1975106211,11.92368741,16.15907202
21/02/2025,10:28:28,42.51304713,0.7871958813,33.4660956,16.19253812
21/02/2025,11:52:04,51.25851573,0.2952711946,15.13516317,16.20767328
21/02/2025,13:15:40,37.33932494,0.6992468951,26.10940703,16.23378269
21/02/2025,14:39:16,69.06724702,1.771651754,122.3631093,16.35614579
21/02/2025,16:02:52,48.53370075,0.8317383502,40.36734019,16.39651314
21/02/2025,17:26:29,68.95531715,0.8631285892,59.51730562,16.45603044
21/02/2025,18:50:05,48.65568432,1.279444678,62.25225635,16.5182827
21/02/2025,20:13:41,47.04945037,0.5443182295,25.60987353,16.54389257
21/02/2025,21:37:17,75.90853637,1.254488434,95.22638092,16.63911895
21/02/2025,23:00:54,55.00839542,0.199971453,11.00010876,16.65011906
22/02/2025,00:24:30,66.65455346,1.382203685,92.13016938,16.74224923
22/02/2025,01:48:06,45.89497374,0.2449149094,11.24036334,16.75348959
22/02/2025,03:11:42,58.46311053,0.7360387174,43.03111288,16.79652071
22/02/2025,04:35:18,45.871722,0.4874473168,22.36004781,16.81888075
22/02/2025,05:58:55,83.75078328,0.2866738898,24.00916281,16.84288992
22/02/2025,07:22:31,61.33404231,0.1453107445,8.912495353,16.85180241
22/02/2025,08:46:07,51.27479692,0.6407309173,32.85334766,16.88465576
22/02/2025,10:09:43,54.65965328,0.002498376857,0.1365604127,16.88479232
22/02/2025,11:33:19,81.05602246,0.7515224797,60.91542299,16.94570774
22/02/2025,12:56:56,54.83059313,1.428885349,78.34663123,17.02405437
22/02/2025,14:20:32,59.9886135,1.319074472,79.12944869,17.10318382
22/02/2025,15:44:08,74.7870081,0.6240951808,46.67421134,17.14985803
22/02/2025,17:07:44,70.57387636,1.659297531,117.1030588,17.26696109
22/02/2025,18:31:21,71.5457265,0.2296404863,16.42979543,17.28339089
22/02/2025,19:54:57,61.58178715,0.4883110695,30.07106835,17.31346196
22/02/2025,21:18:33,59.42340529,1.613872173,95.90178021,17.40936374
22/02/2025,22:42:09,68.78433865,0.5131198396,35.29460881,17.44465835
23/02/2025,00:05:45,60.84956465,0.5809856085,35.35272134,17.48001107
23/02/2025,01:29:22,60.71559409,2.406621399,146.119448,17.62613052
23/02/2025,02:52:58,66.56747248,0.2094732023,13.94410163,17.64007462
23/02/2025,04:16:34,72.68660517,0.4923011018,35.78369582,17.67585831
23/02/2025,05:40:10,77.96668523,0.6335256038,49.39389134,17.7252522
23/02/2025,07:03:47,50.14217625,0.2990592871,14.99548348,17.74024769
23/02/2025,08:27:23,61.76209158,1.444261589,89.20061652,17.8294483
23/02/2025,09:50:59,75.91271579,0.2284742219,17.34409867,17.8467924
23/02/2025,11:14:35,79.6807083,0.4627783397,36.87450589,17.88366691
23/02/2025,12:38:11,61.59748261,0.3350769618,20.63989733,17.90430681
23/02/2025,14:01:48,87.75670152,0.3491406528,30.63943206,17.93494624
23/02/2025,15:25:24,64.4062534,0.2863929678,18.44549805,17.95339174
23/02/2025,16:49:00,63.82009043,1.204047366,76.84241179,18.03023415
23/02/2025,18:12:36,41.22859475,1.458355298,60.12593958,18.09036009
23/02/2025,19:36:12,62.15349188,0.9052351114,56.26352315,18.14662361
23/02/2025,20:59:49,75.67561525,1.135637749,85.94008533,18.2325637
23/02/2025,22:23:25,41.57448462,1.842947986,76.61961271,18.30918331
23/02/2025,23:47:01,66.89111255,0.5788541522,38.72019825,18.34790351
24/02/2025,01:10:37,56.4780699,1.086933015,61.38787878,18.40929139
24/02/2025,02:34:14,74.85625135,0.4497671664,33.66788406,18.44295927
24/02/2025,03:57:50,58.00578358,0.9944779966,57.68547545,18.50064475
24/02/2025,05:21:26,56.11340415,0.4225049018,23.70818831,18.52435293
24/02/2025,06:45:02,45.35054123,0.9643818073,43.73523691,18.56808817
24/02/2025,08:08:38,67.98730495,0.1647580513,11.20145588,18.57928963
24/02/2025,09:32:15,44.31695756,2.947569677,130.6273203,18.70991695
24/02/2025,10:55:51,47.66794282,0.03349365267,1.59657352,18.71151352
24/02/2025,12:19:27,59.47538478,1.054775053,62.73315216,18.77424667
24/02/2025,13:43:03,60.08909866,1.628083411,97.83006471,18.87207674
24/02/2025,15:06:39,63.56158454,1.303730544,82.86717922,18.95494392
24/02/2025,16:30:16,76.0734357,0.5727567992,43.57157754,18.99851549
24/02/2025,17:53:52,65.77148856,2.032423444,133.6755153,19.13219101
24/02/2025,19:17:28,62.37878699,0.6538666902,40.78741099,19.17297842
24/02/2025,20:41:04,84.95737117,1.952714264,165.8974705,19.33887589
24/02/2025,22:04:41,46.83227163,0.622061826,29.1325684,19.36800846
24/02/2025,23:28:17,44.62096972,0.7787851794,34.75014991,19.40275861
25/02/2025,00:51:53,54.47166962,0.873855911,47.60039048,19.450359
25/02/2025,02:15:29,47.65313431,0.9012370634,42.94677083,19.49330577
25/02/2025,03:39:05,52.12399413,0.2803290435,14.61186942,19.50791764
25/02/2025,05:02:42,43.72830005,1.459107976,63.80431137,19.57172195
25/02/2025,06:26:18,60.93937428,1.410016492,85.92552276,19.65764747
25/02/2025,07:49:54,75.53996324,0.4859925023,36.71185576,19.69435933
25/02/2025,09:13:30,59.01147537,0.884868544,52.21739829,19.74657673
25/02/2025,10:37:07,80.24072275,0.6958794098,55.83786679,19.80241459
25/02/2025,12:00:43,71.52320887,0.7522140577,53.80076316,19.85621536
25/02/2025,13:24:19,79.90134234,1.250624702,99.92659245,19.95614195
25/02/2025,14:47:55,60.11094507,0.6554564566,39.40010706,19.99554206
25/02/2025,16:11:31,57.44721807,1.165683094,66.96525092,20.06250731
25/02/2025,17:35:08,41.69437629,0.3298043439,13.75098641,20.07625829
25/02/2025,18:58:44,52.80590552,1.265782447,66.8407883,20.14309908
25/02/2025,20:22:20,77.30707874,0.6558312386,50.7003972,20.19379948
25/02/2025,21:45:56,46.23333432,0.3068905947,14.18857547,20.20798806
25/02/2025,23:09:32,54.18941779,0.1309216191,7.094566317,20.21508262
26/02/2025,00:33:09,51.44406256,0.1555982476,8.004605984,20.22308723
26/02/2025,01:56:45,65.92785625,0.4957759008,32.68544232,20.25577267
26/02/2025,03:20:21,79.96287571,0.5694573525,45.5354475,20.30130812
26/02/2025,04:43:57,73.19003514,0.7360015143,53.86797669,20.35517609
26/02/2025,06:07:34,61.13494327,0.7558459135,46.20859705,20.40138469
26/02/2025,07:31:10,57.16051822,0.7888280425,45.0898197,20.44647451
26/02/2025,08:54:46,60.99129769,0.2055047499,12.53400138,20.45900851
26/02/2025,10:18:22,63.27898901,1.057751949,66.93347395,20.52594199
26/02/2025,11:41:58,56.47611347,0.2912840803,16.45059277,20.54239258
26/02/2025,13:05:35,61.06880843,0.7748505963,47.31920263,20.58971178
26/02/2025,14:29:11,50.03719917,0.04943480757,2.473579312,20.59218536
26/02/2025,15:52:47,47.72069453,0.2261005137,10.78967355,20.60297503
26/02/2025,17:16:23,74.16718841,0.5666435097,42.02635595,20.64500139
26/02/2025,18:39:59,64.19813761,0.04128979758,2.650728107,20.64765212
26/02/2025,20:03:36,82.21862666,0.2203935488,18.12045491,20.66577257
26/02/2025,21:27:12,59.52681342,0.3741589403,22.27248943,20.68804506
26/02/2025,22:50:48,73.97177453,0.1014601638,7.505188357,20.69555025
27/02/2025,00:14:24,78.47959454,0.6989081584,54.8500289,20.75040028
27/02/2025,01:38:01,61.1541793,1.184656889,72.44671981,20.822847
27/02/2025,03:01:37,57.3995041,0.8690605182,49.88364278,20.87273064
27/02/2025,04:25:13,80.95067416,0.0852094544,6.897762779,20.87962841
27/02/2025,05:48:49,59.47776752,0.9641282485,57.34419583,20.9369726
27/02/2025,07:12:25,50.70633068,0.7311266421,37.07274928,20.97404535
27/02/2025,08:36:02,58.5842821,0.1635042039,9.578776409,20.98362413
27/02/2025,09:59:38,78.66429475,0.5043790793,39.67662456,21.02330075
27/02/2025,11:23:14,62.12295278,1.237481021,76.87597504,21.10017673
27/02/2025,12:46:50,85.08482521,0.3715155411,31.61033488,21.13178706
27/02/2025,14:10:27,56.47790791,0.2423292938,13.68625154,21.14547331
27/02/2025,15:34:03,52.45832756,0.9118177584,47.83243464,21.19330575
27/02/2025,16:57:39,82.11865559,0.2520249939,20.69595367,21.2140017
27/02/2025,18:21:15,49.78861303,0.8457720834,42.10981898,21.25611152
27/02/2025,19:44:51,69.93294059,0.5393182533,37.71611137,21.29382763
27/02/2025,21:08:28,39.38258252,0.815154517,32.10289004,21.32593052
27/02/2025,22:32:04,65.63529928,0.0928547928,6.094552115,21.33202507
27/02/2025,23:55:40,44.07460391,0.8641685004,38.08788437,21.37011296
28/02/2025,01:19:16,57.8202781,0.05765520457,3.333639962,21.3734466
28/02/2025,02:42:52,67.20692463,0.2766582676,18.59335134,21.39203995
28/02/2025,04:06:29,44.5577377,0.7455856899,33.22161161,21.42526156
28/02/2025,05:30:05,76.31735047,1.511360457,115.3430257,21.54060459
28/02/2025,06:53:41,66.03141596,1.175339889,77.60935711,21.61821394
28/02/2025,08:17:17,62.66596797,1.157691746,72.54787389,21.69076182
28/02/2025,09:40:54,68.07140276,1.034894107,70.44669359,21.76120851
28/02/2025,11:04:30,72.13840268,0.1322175439,9.53796242,21.77074647
28/02/2025,12:28:06,60.83562497,0.3374582665,20.52948454,21.79127596
28/02/2025,13:51:42,64.89358586,0.6901966276,44.78933411,21.83606529
28/02/2025,15:15:18,66.52637604,0.9982947306,66.41293065,21.90247822
28/02/2025,16:38:55,50.31312961,0.1905849571,9.588925648,21.91206715
28/02/2025,18:02:31,57.2535587,0.008833611842,0.5057557141,21.9125729
28/02/2025,19:26:07,59.89151522,0.7029296108,42.09951948,21.95467242
28/02/2025,20:49:43,84.2513436,1.744582819,146.9834466,22.10165587
28/02/2025,22:13:20,58.28329267,0.8287898909,48.30460378,22.14996047
28/02/2025,23:36:56,70.41311866,0.7675347805,54.04451757,22.20400499
01/03/2025,01:00:32,65.75977468,1.094365358,71.96521935,22.27597021
01/03/2025,02:24:08,37.9150491,1.440261884,54.60760003,22.33057781
01/03/2025,03:47:44,71.94802081,1.136362674,81.7590453,22.41233686
01/03/2025,05:11:21,65.72209356,1.065760313,70.04399903,22.48238086
01/03/2025,06:34:57,56.27112365,0.1476287549,8.307235921,22.49068809
01/03/2025,07:58:33,69.21769136,1.72956449,119.716461,22.61040455
01/03/2025,09:22:09,75.90536115,0.7228559186,54.86863956,22.66527319
01/03/2025,10:45:45,81.07619043,1.026672737,83.23871429,22.74851191
01/03/2025,12:09:22,64.3291626,1.629153772,104.8020979,22.853314
01/03/2025,13:32:58,74.65349541,0.8241048572,61.52230817,22.91483631
01/03/2025,14:56:34,52.2606747,0.3278282934,17.1325278,22.93196884
01/03/2025,16:20:10,60.27487822,0.1032180809,6.221457255,22.9381903
01/03/2025,17:43:47,59.04242135,0.1131298093,6.679457867,22.94486976
01/03/2025,19:07:23,43.2629047,0.7692232222,33.27883095,22.97814859
01/03/2025,20:30:59,62.96254799,0.004817199616,0.303303162,22.97845189
01/03/2025,21:54:35,67.44165757,0.8322470009,56.12811725,23.03458001
01/03/2025,23:18:11,78.60609025,0.5538925637,43.53932885,23.07811934
02/03/2025,00:41:48,64.72971546,0.5337074832,34.54673352,23.11266607
02/03/2025,02:05:24,69.37867541,1.91023069,132.529275,23.24519534
02/03/2025,03:29:00,65.26863428,0.1208591209,7.888309762,23.25308365
02/03/2025,04:52:36,66.42426312,1.013435919,67.31673416,23.32040039
02/03/2025,06:16:12,56.5844845,0.2521114618,14.2655971,23.33466599
02/03/2025,07:39:49,79.62423957,0.008789431613,0.6998518085,23.33536584
02/03/2025,09:03:25,53.24872182,0.3034857432,16.16022792,23.35152606
02/03/2025,10:27:01,58.37478847,1.271865556,74.24488277,23.42577095
02/03/2025,11:50:37,69.76462948,1.226017695,85.53267022,23.51130362
02/03/2025,13:14:14,76.39360626,0.05097512072,3.894173301,23.51519779
02/03/2025,14:37:50,57.90337445,0.3638359503,21.06732927,23.53626512
02/03/2025,16:01:26,68.20555672,0.75752217,51.66722133,23.58793234
02/03/2025,17:25:02,46.06800918,0.2946864834,13.57561962,23.60150796
02/03/2025,18:48:38,52.60657101,0.8953374935,47.10063543,23.6486086
02/03/2025,20:12:15,55.65256136,0.003512353498,0.1954714686,23.64880407
02/03/2025,21:35:51,47.27631552,0.4435072545,20.9673889,23.66977146
02/03/2025,22:59:27,63.59504709,2.265678223,144.0859133,23.81385737
03/03/2025,00:23:03,78.7777623,0.2513244037,19.79877414,23.83365614
03/03/2025,01:46:40,61.65593485,0.9198086015,56.71165921,23.8903678
03/03/2025,03:10:16,73.3574688,0.8786965828,64.45895715,23.95482676
03/03/2025,04:33:52,65.25229574,0.3826890383,24.9713383,23.9797981
03/03/2025,05:57:28,58.23727011,0.6007287607,34.9848031,24.0147829
03/03/2025,07:21:04,81.59300074,2.600271464,212.1639515,24.22694685
03/03/2025,08:44:41,33.40192707,0.5664239555,18.91965165,24.24586651
03/03/2025,10:08:17,62.838618,1.674168511,105.2024355,24.35106894
03/03/2025,11:31:53,56.83302314,0.425990945,24.21035323,24.37527929
03/03/2025,12:55:29,64.00196786,0.6421561125,41.09925487,24.41637855
03/03/2025,14:19:05,64.52110431,0.3658922736,23.60777355,24.43998632
03/03/2025,15:42:42,63.52069025,0.7971092418,50.63292924,24.49061925
03/03/2025,17:06:18,64.07081643,0.7255710313,46.48792835,24.53710718
03/03/2025,18:29:54,59.76676232,1.110138313,66.34937267,24.60345655
03/03/2025,19:53:30,51.00540279,1.647517751,84.03230647,24.68748886
03/03/2025,21:17:07,56.64197964,0.3054627344,17.30201398,24.70479087
03/03/2025,22:40:43,76.9553187,0.8487182278,65.31338171,24.77010426
04/03/2025,00:04:19,42.64097877,0.3985143457,16.99304176,24.7870973
04/03/2025,01:27:55,52.41444158,0.6110987582,32.03040016,24.8191277
04/03/2025,02:51:31,65.03429888,0.5435066034,35.34657088,24.85447427
04/03/2025,04:15:08,78.75508276,0.2950439741,23.2362126,24.87771048
04/03/2025,05:38:44,61.69547842,0.2505763047,15.459425,24.89316991
04/03/2025,07:02:20,55.98467035,0.194695535,10.89996535,24.90406987
04/03/2025,08:25:56,52.52731193,0.1761195961,9.251088962,24.91332096
04/03/2025,09:49:32,34.6969816,0.489586742,16.98718218,24.93030814
04/03/2025,11:13:09,72.6451228,1.276373041,92.72227633,25.02303042
04/03/2025,12:36:45,48.80225726,0.9885869006,48.24527225,25.07127569
04/03/2025,14:00:21,68.66357027,0.103486342,7.105741713,25.07838143
04/03/2025,15:23:57,55.31620846,1.075268069,59.47975267,25.13786118
04/03/2025,16:47:34,49.87810619,1.683151314,83.95239997,25.22181358
04/03/2025,18:11:10,44.22491528,0.2968100754,13.12640044,25.23493999
04/03/2025,19:34:46,65.38586368,0.9619313203,62.89671018,25.2978367
04/03/2025,20:58:22,63.6824947,1.093353758,69.62749488,25.36746419
04/03/2025,22:21:58,63.76258393,0.7554189392,48.16746351,25.41563165
04/03/2025,23:45:35,62.98013491,0.5726120816,36.06318615,25.45169484
05/03/2025,01:09:11,64.43780039,0.4111458174,26.49333211,25.47818817
05/03/2025,02:32:47,56.47648225,0.9976149383,56.34178235,25.53452995
05/03/2025,03:56:23,75.23106051,0.9001329369,67.71795545,25.60224791
05/03/2025,05:20:00,70.31492283,0.1085431057,7.632200098,25.60988011
05/03/2025,06:43:36,56.34516307,0.4769616376,26.87448125,25.63675459
05/03/2025,08:07:12,44.97196382,0.0366191266,1.646834037,25.63840143
05/03/2025,09:30:48,77.63047768,0.5705164976,44.28946823,25.68269089
05/03/2025,10:54:24,68.34710984,0.8517373471,58.21378602,25.74090468
05/03/2025,12:18:01,67.72237072,0.269940853,18.28103452,25.75918571
05/03/2025,13:41:37,71.57311764,1.662508133,118.9908902,25.8781766
05/03/2025,15:05:13,58.99995249,1.099159916,64.85038284,25.94302699
05/03/2025,16:28:49,73.50008887,1.000278523,73.52056035,26.01654755
05/03/2025,17:52:25,66.79258359,0.7476195094,49.93543857,26.06648299
05/03/2025,19:16:02,65.2150763,0.6139060693,40.03593115,26.10651892
05/03/2025,20:39:38,64.34317892,0.3030974851,19.50225571,26.12602117
05/03/2025,22:03:14,58.63476901,0.3287319961,19.27512466,26.1452963
05/03/2025,23:26:50,55.15022569,0.7559492146,41.6907698,26.18698707
06/03/2025,00:50:27,78.07219458,1.638839668,127.9478094,26.31493488
06/03/2025,02:14:03,57.31876504,0.3335941217,19.12120308,26.33405608
06/03/2025,03:37:39,58.57572389,0.5883790402,34.46472821,26.36852081
06/03/2025,05:01:15,65.52636516,0.2122935254,13.91082307,26.38243163
06/03/2025,06:24:51,64.59707333,1.605842949,103.7327547,26.48616439
06/03/2025,07:48:28,92.87411445,0.01290300493,1.198355157,26.48736274
06/03/2025,09:12:04,52.92993581,0.708797847,37.51662455,26.52487937
06/03/2025,10:35:40,77.44170661,1.302486982,100.8668147,26.62574618
06/03/2025,11:59:16,57.33316269,1.100181178,63.07686646,26.68882305
06/03/2025,13:22:52,58.11530337,0.7355208399,42.74501674,26.73156806
06/03/2025,14:46:29,54.47220888,0.8003787689,43.59839948,26.77516646
06/03/2025,16:10:05,62.99914912,0.7493399184,47.20777726,26.82237424
06/03/2025,17:33:41,73.07460623,0.5735870378,41.91464693,26.86428889
06/03/2025,18:57:17,51.66036883,0.8076456428,41.72327179,26.90601216
06/03/2025,20:20:54,68.47942436,1.214557066,83.17216874,26.98918433
06/03/2025,21:44:30,61.47708899,2.249332539,138.2824167,27.12746674
06/03/2025,23:08:06,57.7516558,0.1787142332,10.32104288,27.13778779
07/03/2025,00:31:42,55.11000258,0.3688203853,20.32569238,27.15811348
07/03/2025,01:55:18,50.35183058,1.427582525,71.88139345,27.22999487
07/03/2025,03:18:55,55.74966452,0.1874856788,10.4522637,27.24044714
07/03/2025,04:42:31,56.16665714,1.152261411,64.7186716,27.30516581
07/03/2025,06:06:07,73.92133547,0.7402772704,54.72228445,27.35988809
07/03/2025,07:29:43,50.98662485,0.4435244359,22.61381403,27.38250191
07/03/2025,08:53:20,66.01552592,0.9666402922,63.81326726,27.44631517
07/03/2025,10:16:56,92.25168063,0.2164477914,19.96767253,27.46628285
07/03/2025,11:40:32,50.85898749,1.260508154,64.10816845,27.53039102
07/03/2025,13:04:08,52.51936799,0.04186197831,2.198564644,27.53258958
07/03/2025,14:27:44,64.35699846,0.5022927118,32.32605128,27.56491563
07/03/2025,15:51:21,68.35357301,0.6269608745,42.85501591,27.60777065
07/03/2025,17:14:57,80.69099596,0.3122042451,25.19207148,27.63296272
07/03/2025,18:38:33,44.91602813,1.158124303,52.01834378,27.68498106
07/03/2025,20:02:09,48.1400346,0.1606703336,7.73467542,27.69271574
07/03/2025,21:25:45,38.18765291,0.6865964056,26.21950522,27.71893524
07/03/2025,22:49:22,62.45319914,1.004664425,62.74450738,27.78167975
08/03/2025,00:12:58,74.74662538,0.2265886687,16.93673834,27.79861649
08/03/2025,01:36:34,40.19955035,0.766533016,30.81428257,27.82943077
08/03/2025,03:00:10,61.76740713,0.9419443155,58.18145803,27.88761223
08/03/2025,04:23:47,47.66352224,1.209647451,57.6560582,27.94526829
08/03/2025,05:47:23,60.84060786,0.1113329551,6.773564664,27.95204185
08/03/2025,07:10:59,77.86327777,0.9493250115,73.91755706,28.02595941
08/03/2025,08:34:35,76.72184451,0.5773192306,44.29299624,28.07025241
08/03/2025,09:58:11,76.39622685,0.895194369,68.38947209,28.13864188
08/03/2025,11:21:48,69.63449912,1.387165476,96.59457311,28.23523645
08/03/2025,12:45:24,40.97321152,0.7702008139,31.55760086,28.26679405
08/03/2025,14:09:00,72.55746331,0.8389688345,60.87345043,28.3276675
08/03/2025,15:32:36,66.08776422,1.426313393,94.2618632,28.42192937
08/03/2025,16:56:12,41.04528928,0.628132097,25.78186362,28.44771123
08/03/2025,18:19:49,73.04035696,1.42470469,104.0609391,28.55177217
08/03/2025,19:43:25,76.26960756,0.6716120224,51.22358538,28.60299575
08/03/2025,21:07:01,62.87060867,0.2732684005,17.18055067,28.6201763
08/03/2025,22:30:37,59.55223922,0.4652734229,27.70807419,28.64788438
08/03/2025,23:54:14,54.71373873,0.5505807221,30.12432978,28.67800871
09/03/2025,01:17:50,68.56555497,1.568082942,107.5164772,28.78552518
09/03/2025,02:41:26,85.73856883,0.2938485049,25.19415026,28.81071934
09/03/2025,04:05:02,46.21775991,0.9731653685,44.97752335,28.85569686
09/03/2025,05:28:38,78.28396993,0.1030450456,8.066775255,28.86376363
09/03/2025,06:52:15,66.16840685,0.9766397161,64.62269408,28.92838633
09/03/2025,08:15:51,75.67983518,0.1890822743,14.30971536,28.94269604
09/03/2025,09:39:27,79.37755376,1.089410449,86.47473649,29.02917078
09/03/2025,11:03:03,64.39897774,0.756965827,48.74782544,29.07791861
09/03/2025,12:26:40,52.61049591,0.6122439187,32.21045618,29.11012906
09/03/2025,13:50:16,62.53324228,0.5729468802,35.82822607,29.14595729
09/03/2025,15:13:52,71.55938291,0.2189215864,15.66589363,29.16162318
09/03/2025,16:37:28,53.78813202,0.3973985966,21.37532817,29.18299851
09/03/2025,18:01:04,75.05073555,1.638471448,122.9684874,29.305967
09/03/2025,19:24:41,59.05124046,0.1832252942,10.8196809,29.31678668
09/03/2025,20:48:17,66.49874474,0.3876169173,25.77603844,29.34256272
09/03/2025,22:11:53,45.06691025,0.2834951495,12.77625046,29.35533897
09/03/2025,23:35:29,57.70070511,1.206627934,69.62328256,29.42496225
10/03/2025,00:59:05,77.99432722,0.5517100786,43.0302564,29.46799251
10/03/2025,02:22:42,55.47466082,0.703054585,39.00171464,29.50699422
10/03/2025,03:46:18,65.56066028,0.4838950138,31.72447661,29.5387187
10/03/2025,05:09:54,39.63791765,0.4117003048,16.31894278,29.55503764
10/03/2025,06:33:30,70.03929423,0.1405878085,9.846670884,29.56488431
10/03/2025,07:57:07,71.10068737,0.2572508464,18.290712,29.58317502
10/03/2025,09:20:43,54.40586417,0.6723518396,36.57988286,29.61975491
10/03/2025,10:44:19,31.39252803,0.4852217161,15.23233632,29.63498724
10/03/2025,12:07:55,87.91457457,0.64392628,56.61050497,29.69159775
10/03/2025,13:31:31,52.70651483,0.2844326244,14.99145234,29.7065892
10/03/2025,14:55:08,51.17388649,2.490880145,127.4680178,29.83405722
10/03/2025,16:18:44,34.09375884,0.5443806587,18.55998289,29.8526172
10/03/2025,17:42:20,64.008037,0.1419167551,9.083812909,29.86170101
10/03/2025,19:05:56,43.03831197,0.01551966214,0.6679400607,29.86236895
10/03/2025,20:29:32,49.04030725,0.3337148552,16.36547903,29.87873443
10/03/2025,21:53:09,54.59262359,0.537342732,29.33494951,29.90806938
10/03/2025,23:16:45,55.49590995,0.5474621262,30.38190886,29.93845129
11/03/2025,00:40:21,48.24515232,0.2187754608,10.55485543,29.94900615
11/03/2025,02:03:57,59.40405617,0.716083609,42.53827094,29.99154442
11/03/2025,03:27:34,59.05736551,0.9555748238,56.43373165,30.04797815
11/03/2025,04:51:10,55.85334001,0.9530970666,53.23365452,30.1012118
11/03/2025,06:14:46,52.77900269,0.7913812163,41.76831134,30.14298011
11/03/2025,07:38:22,55.68127347,0.2736197824,15.23549793,30.15821561
11/03/2025,09:01:58,65.17176927,0.1974246351,12.86651277,30.17108212
11/03/2025,10:25:35,69.22676916,0.5808105542,40.20763816,30.21128976
11/03/2025,11:49:11,66.24137989,0.5785240469,38.32223116,30.24961199
11/03/2025,13:12:47,66.01721566,0.08425780739,5.562465841,30.25517446
11/03/2025,14:36:23,63.81320294,0.708768834,45.22880944,30.30040327
11/03/2025,15:59:59,64.05725202,0.9106789768,58.33559272,30.35873886
11/03/2025,17:23:36,62.14676038,0.4880141226,30.32849674,30.38906736
11/03/2025,18:47:12,69.23695519,1.029310866,71.26635032,30.46033371
11/03/2025,20:10:48,44.76655677,0.3034069887,13.58248619,30.47391619
11/03/2025,21:34:24,43.29511207,0.0002186452179,0.009466269214,30.47392566
11/03/2025,22:58:01,52.49517182,0.4034236725,21.17779501,30.49510346
12/03/2025,00:21:37,61.11501878,1.01133627,61.80783515,30.55691129
12/03/2025,01:45:13,71.05696662,0.5833770663,41.45300473,30.5983643
12/03/2025,03:08:49,55.17126147,0.9158902645,50.53082126,30.64889512
12/03/2025,04:32:25,59.30969183,0.1659422481,9.841983597,30.6587371
12/03/2025,05:56:02,61.88789796,0.2972289614,18.39487564,30.67713198
12/03/2025,07:19:38,48.43527051,1.407148818,68.15563364,30.74528761
12/03/2025,08:43:14,59.14335017,1.178462898,69.69824382,30.81498585
12/03/2025,10:06:50,74.26651505,0.2285784698,16.97572637,30.83196158
12/03/2025,11:30:27,61.29558802,0.6463473299,39.61823965,30.87157982
12/03/2025,12:54:03,46.77387912,0.871153504,40.74722869,30.91232705
12/03/2025,14:17:39,72.91694502,0.4041767035,29.47133046,30.94179838
12/03/2025,15:41:15,75.3663903,0.8076863732,60.87240644,31.00267079
12/03/2025,17:04:51,45.32974671,0.6397652519,29.00039682,31.03167118
12/03/2025,18:28:28,67.21132319,0.3758274145,25.25985782,31.05693104
12/03/2025,19:52:04,67.22813664,2.347606289,157.8251964,31.21475624
12/03/2025,21:15:40,39.60213246,1.029231863,40.75977656,31.25551601
12/03/2025,22:39:16,62.19014819,0.2467106059,15.34296914,31.27085898
13/03/2025,00:02:52,76.2842276,0.0005875925077,0.04482404059,31.27090381
13/03/2025,01:26:29,62.90001792,0.6922365677,43.54169252,31.3144455
13/03/2025,02:50:05,72.23389001,0.8210859551,59.31023257,31.37375573
13/03/2025,04:13:41,86.93477672,0.7916224374,68.81951984,31.44257525
13/03/2025,05:37:17,71.13134711,1.132133953,80.53021318,31.52310546
13/03/2025,07:00:54,62.95972985,0.009433823741,0.5939509942,31.52369942
13/03/2025,08:24:30,98.38678856,1.25293264,123.2720187,31.64697143
13/03/2025,09:48:06,62.95907386,0.6990183518,44.00954804,31.69098098
13/03/2025,11:11:42,59.32825176,0.5471047409,32.45876781,31.72343975
13/03/2025,12:35:18,53.10050573,0.5752065672,30.54375962,31.75398351
13/03/2025,13:58:55,47.56954865,1.022886558,48.6582519,31.80264176
13/03/2025,15:22:31,55.86960812,1.267463897,70.81271124,31.87345447
13/03/2025,16:46:07,82.56080379,0.7032438253,58.06037548,31.93151485
13/03/2025,18:09:43,32.3872888,0.009346172393,0.3026971845,31.93181755
13/03/2025,19:33:19,80.35360864,0.4699667314,37.76352281,31.96958107
13/03/2025,20:56:56,62.32131639,0.940976625,58.64290197,32.02822397
13/03/2025,22:20:32,61.83322149,0.4369349792,27.01709735,32.05524107
13/03/2025,23:44:08,83.07935187,1.12029071,93.07302606,32.14831409
14/03/2025,01:07:44,78.33944643,1.872925506,146.7239473,32.29503804
14/03/2025,02:31:21,70.7496724,0.6807836391,48.16521944,32.34320326
14/03/2025,03:54:57,62.52632364,1.460308007,91.30769108,32.43451095
14/03/2025,05:18:33,57.35941141,0.5009244111,28.73272938,32.46324368
14/03/2025,06:42:09,69.25060702,0.8758041259,60.64996735,32.52389365
14/03/2025,08:05:45,75.56522628,0.3986060981,30.12076,32.55401441
14/03/2025,09:29:22,38.34440388,1.368912251,52.49012421,32.60650453
14/03/2025,10:52:58,50.36827453,0.0965795689,4.86454624,32.61136908
14/03/2025,12:16:34,52.97603457,0.04139911078,2.193160724,32.61356224
14/03/2025,13:40:10,78.14108269,1.554236067,121.4496891,32.73501193
14/03/2025,15:03:47,62.92010094,0.705537276,44.39247662,32.77940441
14/03/2025,16:27:23,50.04651434,0.2142100549,10.72046659,32.79012487
14/03/2025,17:50:59,46.89824485,0.6893471513,32.32917149,32.82245404
14/03/2025,19:14:35,68.56713252,1.990492599,136.4823698,32.95893641
14/03/2025,20:38:11,72.84000935,1.260411145,91.80835959,33.05074477
14/03/2025,22:01:48,54.48750331,0.2048569654,11.16214458,33.06190692
14/03/2025,23:25:24,65.87578439,0.5633484684,37.11102224,33.09901794
15/03/2025,00:49:00,63.03056448,0.4032918358,25.41971206,33.12443765
15/03/2025,02:12:36,61.11660288,0.4664046281,28.50506644,33.15294272
15/03/2025,03:36:12,46.62415639,0.2764161897,12.88767166,33.16583039
15/03/2025,04:59:49,45.36842985,1.221321106,55.40942091,33.22123981
15/03/2025,06:23:25,54.35895561,0.6049166311,32.88263629,33.25412245
15/03/2025,07:47:01,69.50922422,1.041937377,72.42425875,33.32654671
15/03/2025,09:10:37,40.53148137,0.3854268332,15.62192051,33.34216863
15/03/2025,10:34:14,76.32465416,0.08335356742,6.361932206,33.34853056
15/03/2025,11:57:50,43.22329032,1.514836814,65.4762314,33.41400679
15/03/2025,13:21:26,52.16666958,0.2011745102,10.4946042,33.42450139
15/03/2025,14:45:02,75.51298011,0.7799827139,58.89881916,33.48340021
15/03/2025,16:08:38,56.39583466,0.8445853864,47.6310978,33.53103131
15/03/2025,17:32:15,50.98468958,0.1817036968,9.264106574,33.54029542
15/03/2025,18:55:51,63.55494521,1.214711019,77.20089229,33.61749631
15/03/2025,20:19:27,69.37798407,0.6856249683,47.56727812,33.66506359
15/03/2025,21:43:03,52.9288144,0.6075354663,32.15613194,33.69721972
15/03/2025,23:06:39,51.67712906,0.2994848842,15.47651901,33.71269624
16/03/2025,00:30:16,43.53741234,1.174226212,51.12277076,33.76381901
16/03/2025,01:53:52,48.72631692,0.6477245605,31.56123221,33.79538024
16/03/2025,03:17:28,80.7027801,1.18236262,95.41995056,33.89080019
16/03/2025,04:41:04,63.50436589,0.359274242,22.81548292,33.91361568
16/03/2025,06:04:41,70.19334652,0.9107036304,63.92533551,33.97754101
16/03/2025,07:28:17,53.1525199,1.058241377,56.24819582,34.03378921
16/03/2025,08:51:53,65.20803261,0.7993385471,52.12329405,34.0859125
16/03/2025,10:15:29,71.23649228,1.271904294,90.60600042,34.1765185
16/03/2025,11:39:05,59.60656426,0.8778630336,52.32639932,34.2288449
16/03/2025,13:02:42,50.9110723,0.2701707642,13.75468331,34.24259958
16/03/2025,14:26:18,67.75134628,0.8958271938,60.69349842,34.30329308
16/03/2025,15:49:54,65.392518,0.8660872271,56.63562459,34.35992871
16/03/2025,17:13:30,62.70815249,0.9319445712,58.44052228,34.41836923
16/03/2025,18:37:07,55.39123774,0.8593755466,47.60187521,34.4659711
16/03/2025,20:00:43,70.67006623,0.626267837,44.25838951,34.51022949
16/03/2025,21:24:19,47.0792505,1.550730194,73.00721526,34.58323671
16/03/2025,22:47:55,54.50723671,0.1189646468,6.484434161,34.58972114
17/03/2025,00:11:31,76.5545229,0.08220110682,6.292866515,34.59601401
17/03/2025,01:35:08,57.14798372,0.4552378219,26.01592363,34.62202993
17/03/2025,02:58:44,45.75515079,0.357835216,16.37280427,34.63840274
17/03/2025,04:22:20,66.60019592,1.317350981,87.7358334,34.72613857
17/03/2025,05:45:56,53.75173136,0.7856607212,42.23062403,34.76836919
17/03/2025,07:09:32,70.04286013,0.6653953952,46.60619659,34.81497539
17/03/2025,08:33:09,78.04638872,0.1400020985,10.9266582,34.82590205
17/03/2025,09:56:45,65.64852531,0.3406183282,22.36109094,34.84826314
17/03/2025,11:20:21,57.50192221,0.1758236722,10.11019912,34.85837334
17/03/2025,12:43:57,74.03937378,0.6631807993,49.10149108,34.90747483
17/03/2025,14:07:34,60.70725498,1.858142428,112.8027262,35.02027756
17/03/2025,15:31:10,70.91637239,0.5937667564,42.10778441,35.06238534
17/03/2025,16:54:46,73.680129,0.219636706,16.18286083,35.0785682
17/03/2025,18:18:22,56.03262896,0.03636092154,2.037398025,35.0806056
17/03/2025,19:41:58,67.18108953,0.5601947017,37.63449041,35.11824009
17/03/2025,21:05:35,72.28123037,0.1084006549,7.835332709,35.12607542
17/03/2025,22:29:11,52.05721643,0.2517335721,13.10454905,35.13917997
17/03/2025,23:52:47,58.20806108,0.4713710376,27.43759415,35.16661757
18/03/2025,01:16:23,74.15389699,0.743543051,55.13661481,35.22175418
18/03/2025,02:39:59,54.34275776,0.3823964579,20.78047808,35.24253466
18/03/2025,04:03:36,70.83875095,0.4732565581,33.52490345,35.27605956
18/03/2025,05:27:12,57.9932145,0.9463967128,54.88458757,35.33094415
18/03/2025,06:50:48,36.13650838,2.533150932,91.53922987,35.42248338
18/03/2025,08:14:24,65.23165391,0.6542512516,42.67789121,35.46516127
18/03/2025,09:38:01,76.73447877,0.402981842,30.9226016,35.49608387
18/03/2025,11:01:37,68.27508444,0.8841382874,60.36461623,35.55644849
18/03/2025,12:25:13,66.24202404,0.532144853,35.25035215,35.59169884
18/03/2025,13:48:49,50.94024866,0.5940731516,30.26223407,35.62196108
18/03/2025,15:12:25,57.64042771,2.524656577,145.5222849,35.76748336
18/03/2025,16:36:02,52.44819704,0.1570523392,8.237112033,35.77572047
18/03/2025,17:59:38,62.09828424,0.08730943187,5.421765917,35.78114224
18/03/2025,19:23:14,49.20942314,0.445052284,21.90076616,35.803043
18/03/2025,20:46:50,56.96037343,0.3203691297,18.24834526,35.82129135
18/03/2025,22:10:27,82.77047875,1.167873361,96.66543724,35.91795679
18/03/2025,23:34:03,56.13214848,0.3381979669,18.98377849,35.93694057
19/03/2025,00:57:39,50.7286778,0.9783460419,49.63020114,35.98657077
19/03/2025,02:21:15,70.28514425,0.5336429875,37.50717435,36.02407794
19/03/2025,03:44:51,79.42658589,1.170947639,93.00437322,36.11708231
19/03/2025,05:08:28,51.71134868,0.4774745802,24.6908545,36.14177317
19/03/2025,06:32:04,55.86794783,0.6540805119,36.54213592,36.1783153
19/03/2025,07:55:40,76.93723614,0.3286340975,25.28419916,36.2035995
19/03/2025,09:19:16,58.63012142,0.2300165051,13.48589562,36.2170854
19/03/2025,10:42:52,53.79158752,0.5365790419,28.86343849,36.24594884
19/03/2025,12:06:29,63.0098373,0.7012447519,44.18531773,36.29013416
19/03/2025,13:30:05,49.38874337,1.379528269,68.13316767,36.35826732
19/03/2025,14:53:41,57.71564445,0.1999192357,11.53846752,36.36980579
19/03/2025,16:17:17,75.62923047,0.2612278517,19.7564614,36.38956225
19/03/2025,17:40:54,54.31334099,0.0186877511,1.014994198,36.39057725
19/03/2025,19:04:30,56.39406636,0.858405425,48.4089725,36.43898622
19/03/2025,20:28:06,49.19835346,1.782451325,87.6936703,36.52667989
19/03/2025,21:51:42,59.37753743,1.168947561,69.40922755,36.59608912
19/03/2025,23:15:18,72.79413563,1.459507035,106.2435531,36.70233267
20/03/2025,00:38:55,43.10385991,0.9523522075,41.05005614,36.74338273
20/03/2025,02:02:31,54.70856202,0.6912015928,37.81464521,36.78119737
20/03/2025,03:26:07,70.25317822,0.9964323679,70.00254073,36.85119991
20/03/2025,04:49:43,57.83647308,0.6264944187,36.23422758,36.88743414
20/03/2025,06:13:19,55.51321729,0.7297653326,40.51162148,36.92794576
20/03/2025,07:36:56,74.11052091,1.223005611,90.63758289,37.01858334
20/03/2025,09:00:32,60.75326066,0.01277789379,0.7762987123,37.01935964
20/03/2025,10:24:08,65.1234322,0.5189240924,33.79411795,37.05315376
20/03/2025,11:47:44,63.51165581,1.824580707,115.8821419,37.1690359
20/03/2025,13:11:21,75.74181992,0.403303497,30.54694084,37.19958284
20/03/2025,14:34:57,54.74365895,0.5583742127,30.56744747,37.23015029
20/03/2025,15:58:33,46.21434571,1.990938578,92.00992372,37.32216021
20/03/2025,17:22:09,75.32224963,1.004837484,75.68661984,37.39784683
20/03/2025,18:45:45,55.39727524,1.254173788,69.47781051,37.46732465
20/03/2025,20:09:22,59.45853788,0.01299794613,0.7728388723,37.46809748
20/03/2025,21:32:58,53.7524663,1.650838787,88.73665625,37.55683414
20/03/2025,22:56:34,40.65934599,0.5159228576,20.97708597,37.57781123
21/03/2025,00:20:10,68.15337072,0.3399043008,23.16562382,37.60097685
21/03/2025,01:43:47,53.52354983,1.763337959,94.38010709,37.69535696
21/03/2025,03:07:23,72.73131887,0.2156603085,15.68525866,37.71104222
21/03/2025,04:30:59,58.40705471,0.1395995787,8.153600229,37.71919582
21/03/2025,05:54:35,53.96120819,0.2771557305,14.95565807,37.73415147
21/03/2025,07:18:11,58.09552846,1.461829807,84.92577518,37.81907725
21/03/2025,08:41:48,68.83984166,1.318958581,90.79689986,37.90987415
21/03/2025,10:05:24,77.83479946,0.1224097399,9.527737555,37.91940189
21/03/2025,11:29:00,64.87991331,0.2380049056,15.44173764,37.93484362
21/03/2025,12:52:36,71.20952836,0.7778408858,55.38968262,37.99023331
21/03/2025,14:16:12,68.48018798,0.4159503851,28.48436056,38.01871767
21/03/2025,15:39:49,61.25467854,0.6567695039,40.23020484,38.05894787
21/03/2025,17:03:25,68.47363983,0.1009936504,6.915402845,38.06586328
21/03/2025,18:27:01,59.04066881,0.2145639047,12.66799643,38.07853127
21/03/2025,19:50:37,48.76788824,0.2657657951,12.9608366,38.09149211
21/03/2025,21:14:14,52.99020103,0.8131135267,43.08704924,38.13457916
21/03/2025,22:37:50,86.51458266,0.6979371167,60.38173837,38.1949609
22/03/2025,00:01:26,58.77895938,0.1839528301,10.81255593,38.20577345
22/03/2025,01:25:02,59.02305717,0.1071944969,6.326946919,38.2121004
22/03/2025,02:48:38,54.03671131,0.6981578784,37.72615572,38.24982655
22/03/2025,04:12:15,57.79613174,0.887885147,51.31632692,38.30114288
22/03/2025,05:35:51,49.27594119,1.506646685,74.24143343,38.37538431
22/03/2025,06:59:27,81.30770266,2.31193655,187.9782496,38.56336256
22/03/2025,08:23:03,78.22667071,1.244448429,97.34905746,38.66071162
22/03/2025,09:46:39,44.71663152,0.6593172476,29.48244642,38.69019407
22/03/2025,11:10:16,31.51392605,0.9308975185,29.33623556,38.7195303
22/03/2025,12:33:52,60.89740591,1.501408381,91.43187562,38.81096218
22/03/2025,13:57:28,52.2746452,0.9784337628,51.1472778,38.86210946
22/03/2025,15:21:04,60.88972304,0.589542319,35.89706852,38.89800653
22/03/2025,16:44:41,36.10179128,0.6549086483,23.64337533,38.9216499
22/03/2025,18:08:17,58.59835958,1.307817585,76.6359651,38.99828587
22/03/2025,19:31:53,70.15354777,1.408489017,98.81050152,39.09709637
22/03/2025,20:55:29,72.26484595,1.75407979,126.7583058,39.22385467
22/03/2025,22:19:05,66.82183158,1.156612546,77.28696877,39.30114164
22/03/2025,23:42:42,65.70674947,0.2423956599,15.92703089,39.31706867
23/03/2025,01:06:18,62.8965069,0.7658953131,48.17213984,39.36524081
23/03/2025,02:29:54,52.01490935,1.510991927,78.59410809,39.44383492
23/03/2025,03:53:30,59.35816422,1.136446787,67.45739498,39.51129232
23/03/2025,05:17:07,47.85254294,0.6666086017,31.89891674,39.54319123
23/03/2025,06:40:43,65.51721636,0.6833618423,44.77196568,39.5879632
23/03/2025,08:04:19,74.23533485,0.4061209618,30.14852559,39.61811172
23/03/2025,09:27:55,71.73168918,1.019247276,73.11232879,39.69122405
23/03/2025,10:51:31,57.43498682,0.03970734708,2.280590956,39.69350464
23/03/2025,12:15:08,55.35602649,0.5459724015,30.22286272,39.72372751
23/03/2025,13:38:44,62.30057961,0.4453084154,27.74297239,39.75147048
23/03/2025,15:02:20,69.87751983,0.5152240566,36.00257923,39.78747306
23/03/2025,16:25:56,56.78338077,1.340262252,76.10462181,39.86357768
23/03/2025,17:49:32,67.21754958,0.3185995324,21.41547987,39.88499316
23/03/2025,19:13:09,73.65301671,0.975725742,71.86514437,39.9568583
23/03/2025,20:36:45,60.89765287,0.647244932,39.41569719,39.996274
23/03/2025,22:00:21,59.94981753,0.4584751895,27.48550395,40.02375951
23/03/2025,23:23:57,61.66884647,0.6813413398,42.01753448,40.06577704
24/03/2025,00:47:34,81.21567431,1.056423642,85.79815844,40.1515752
24/03/2025,02:11:10,52.05132068,0.8329163393,43.35439548,40.19492959
24/03/2025,03:34:46,32.73146345,1.161290002,38.01072125,40.23294031
24/03/2025,04:58:22,54.01124275,0.514317197,27.77891098,40.26071923
24/03/2025,06:21:58,43.04308654,0.3079149298,13.25360897,40.27397283
24/03/2025,07:45:35,78.02013044,0.8586128431,66.98908602,40.34096192
24/03/2025,09:09:11,67.07826995,0.212556255,14.25790585,40.35521983
24/03/2025,10:32:47,48.03111693,0.2419038516,11.61891218,40.36683874
24/03/2025,11:56:23,77.80482153,0.2241241814,17.43794193,40.38427668
24/03/2025,13:19:59,57.88637133,0.08438643838,4.884824708,40.38916151
24/03/2025,14:43:36,68.23266727,0.9375231796,63.96970718,40.45313121
24/03/2025,16:07:12,63.91667429,0.3855047923,24.64018425,40.4777714
24/03/2025,17:30:48,43.85011464,0.01052427597,0.4614907077,40.47823289
24/03/2025,18:54:24,65.85101618,0.05305099765,3.493462105,40.48172635
24/03/2025,20:18:01,73.82222439,0.6406627994,47.29515293,40.5290215
24/03/2025,21:41:37,56.89185697,0.139538139,7.938583846,40.53696009
24/03/2025,23:05:13,79.42161858,0.7873531187,62.53285908,40.59949295
25/03/2025,00:28:49,62.56331508,0.06782266881,4.243210998,40.60373616
25/03/2025,01:52:25,48.26079461,0.5115991434,24.69018118,40.62842634
25/03/2025,03:16:02,64.05059767,1.235426212,79.12978724,40.70755613
25/03/2025,04:39:38,67.49294773,0.684574215,46.20393171,40.75376006
25/03/2025,06:03:14,43.90454808,1.815217232,79.69629226,40.83345635
25/03/2025,07:26:50,65.09631524,0.1019402572,6.635935119,40.84009228
25/03/2025,08:50:27,80.71155464,0.5466862637,44.12389824,40.88421618
25/03/2025,10:14:03,48.02186038,0.1836486257,8.819148663,40.89303533
25/03/2025,11:37:39,57.23582367,0.9566761777,54.75614901,40.94779148
25/03/2025,13:01:15,63.81757016,0.3032748479,19.35426388,40.96714574
25/03/2025,14:24:51,58.17932119,0.1100753946,6.404111736,40.97354986
25/03/2025,15:48:28,55.51226283,1.257829115,69.82494042,41.0433748
25/03/2025,17:12:04,66.79217851,0.4693843329,31.35120215,41.074726
25/03/2025,18:35:40,66.65603803,1.219107713,81.26089007,41.15598689
25/03/2025,19:59:16,86.94969123,0.02650768238,2.304834798,41.15829172
25/03/2025,21:22:52,64.59258497,1.300695817,84.01530506,41.24230703
25/03/2025,22:46:29,58.74913971,1.095391623,64.35331547,41.30666034
26/03/2025,00:10:05,56.43313991,0.8978606639,50.66909646,41.35732944
26/03/2025,01:33:41,40.03334759,1.122920783,44.95427801,41.40228372
26/03/2025,02:57:17,67.58692547,0.9547751378,64.53031607,41.46681403
26/03/2025,04:20:54,56.98798821,0.244409369,13.92839824,41.48074243
26/03/2025,05:44:30,63.76955214,0.3494575249,22.28474986,41.50302718
26/03/2025,07:08:06,45.29078841,0.9954397016,45.0842489,41.54811143
26/03/2025,08:31:42,53.09745618,0.5224609773,27.74134885,41.57585278
26/03/2025,09:55:18,43.24628991,0.4467504081,19.32029767,41.59517308
26/03/2025,11:18:55,65.15489644,0.438086575,28.54348542,41.62371656
26/03/2025,12:42:31,58.39622239,0.09205862472,5.375875922,41.62909244
26/03/2025,14:06:07,61.92342619,0.04697128301,2.908622777,41.63200106
26/03/2025,15:29:43,57.49977246,0.9484906814,54.53799836,41.68653906
26/03/2025,16:53:20,56.22103642,1.643296542,92.38783476,41.7789269
26/03/2025,18:16:56,65.83576654,0.2232443376,14.69746209,41.79362436
26/03/2025,19:40:32,55.13147667,0.5277032415,29.09305895,41.82271742
26/03/2025,21:04:08,73.38335658,0.7140554667,52.39978693,41.8751172
26/03/2025,22:27:44,53.98107058,0.1578827745,8.522681193,41.88363988
26/03/2025,23:51:21,53.03010102,0.05976200174,3.16918499,41.88680907
27/03/2025,01:14:57,62.47055149,0.005362787893,0.3350163172,41.88714409
27/03/2025,02:38:33,50.09482355,1.315863411,65.91794538,41.95306203
27/03/2025,04:02:09,59.88599339,0.3292922407,19.71999295,41.97278202
27/03/2025,05:25:45,53.45995443,1.261051113,67.41573503,42.04019776
27/03/2025,06:49:22,55.2231237,1.031044148,56.93747852,42.09713524
27/03/2025,08:12:58,83.2276382,0.5983184581,49.79663216,42.14693187
27/03/2025,09:36:34,77.172905,2.041957277,157.583775,42.30451564
27/03/2025,11:00:10,86.8193136,0.2358965394,20.48037563,42.32499602
27/03/2025,12:23:47,75.25791673,0.8147698285,61.31787992,42.3863139
27/03/2025,13:47:23,61.49909959,1.085251357,66.74198127,42.45305588
27/03/2025,15:10:59,74.22639343,0.8636811624,64.10793776,42.51716382
27/03/2025,16:34:35,40.25417075,0.9788632121,39.40332688,42.55656715
27/03/2025,17:58:11,56.4462829,1.079664133,60.94302709,42.61751017
27/03/2025,19:21:48,43.92805952,0.2215878586,9.733924643,42.6272441
27/03/2025,20:45:24,53.43125154,1.380239806,73.74794027,42.70099204
27/03/2025,22:09:00,65.04678188,1.373816642,89.36235148,42.79035439
27/03/2025,23:32:36,62.48928393,0.0483156276,3.019208971,42.7933736
28/03/2025,00:56:12,48.38721776,0.3362605017,16.27071012,42.80964431
28/03/2025,02:19:49,70.1310905,0.07114567129,4.989523512,42.81463383
28/03/2025,03:43:25,65.21747512,0.305307747,19.91140039,42.83454523
28/03/2025,05:07:01,72.7121962,0.5766086664,41.92648248,42.87647171
28/03/2025,06:30:37,61.21965413,2.118373697,129.686105,43.00615782
28/03/2025,07:54:14,69.18882965,0.4863211945,33.64799428,43.03980581
28/03/2025,09:17:50,61.1351723,0.007154244873,0.4373759929,43.04024319
28/03/2025,10:41:26,79.26284206,0.7985204069,63.29299689,43.10353619
28/03/2025,12:05:02,51.49990901,0.3855206619,19.85427901,43.12339047
28/03/2025,13:28:38,66.91579868,0.5743842789,38.43538277,43.16182585
28/03/2025,14:52:15,60.4752326,1.4095269,85.24146712,43.24706732
28/03/2025,16:15:51,51.81801969,0.2944963398,15.26021714,43.26232753
28/03/2025,17:39:27,56.17415794,1.62866209,91.48872148,43.35381625
28/03/2025,19:03:03,65.75018995,1.042166484,68.52264425,43.4223389
28/03/2025,20:26:40,50.43840128,1.651586409,83.30337803,43.50564228
28/03/2025,21:50:16,32.89963778,0.2701507976,8.887863384,43.51453014
28/03/2025,23:13:52,66.70728829,0.4639994224,30.95214324,43.54548228
29/03/2025,00:37:28,71.06574717,0.5347724729,38.00400535,43.58348629
29/03/2025,02:01:04,50.73198886,0.1111240942,5.637546309,43.58912384
29/03/2025,03:24:41,75.83975436,1.236139944,93.74854974,43.68287238
29/03/2025,04:48:17,61.95639902,1.138900733,70.56218825,43.75343457
29/03/2025,06:11:53,54.99834009,0.4862742255,26.74427523,43.78017885
29/03/2025,07:35:29,49.43920569,0.500418073,24.74027204,43.80491912
29/03/2025,08:59:05,41.81780189,0.4099202459,17.14196363,43.82206108
29/03/2025,10:22:42,41.7954498,0.2605101709,10.88813977,43.83294922
29/03/2025,11:46:18,53.96708137,1.430208903,77.18420023,43.91013342
29/03/2025,13:09:54,90.9320955,0.4980966522,45.29297235,43.9554264
29/03/2025,14:33:30,67.43398442,0.1284398423,8.661210322,43.96408761
29/03/2025,15:57:07,75.76847565,0.2927634183,22.18223793,43.98626984
29/03/2025,17:20:43,58.29301932,0.544258809,31.72648927,44.01799633
29/03/2025,18:44:19,58.36753154,1.420017298,82.88290441,44.10087924
29/03/2025,20:07:55,64.17843555,0.5808710026,37.2793922,44.13815863
29/03/2025,21:31:31,69.75630207,0.8919506475,62.21917879,44.20037781
29/03/2025,22:55:08,46.38761101,0.5565252649,25.81587751,44.22619369
30/03/2025,00:18:44,68.87709242,0.4161887957,28.66587414,44.25485956
30/03/2025,01:42:20,57.00203188,0.5194052112,29.6071524,44.28446671
30/03/2025,03:05:56,69.72536776,1.271556824,88.65976715,44.37312648
30/03/2025,04:29:32,70.23759886,1.566421617,110.0216931,44.48314817
30/03/2025,05:53:09,51.53545241,0.9681595196,49.89453884,44.53304271
30/03/2025,07:16:45,65.98359063,1.081276806,71.34652613,44.60438924
30/03/2025,08:40:21,48.09858787,0.7805835074,37.54496443,44.6419342
30/03/2025,10:03:57,78.3659539,0.710893513,55.70984826,44.69764405
30/03/2025,11:27:34,68.01051615,0.6911440954,47.00506666,44.74464912
30/03/2025,12:51:10,81.15188902,0.1253372603,10.17135544,44.75482047
30/03/2025,14:14:46,60.4727965,2.121480767,128.2918747,44.88311235
30/03/2025,15:38:22,61.70520822,0.5212811905,32.1657644,44.91527811
30/03/2025,17:01:58,55.92619185,0.3477475036,19.4481936,44.93472631
30/03/2025,18:25:35,53.58625181,1.345841212,72.11858607,45.00684489
30/03/2025,19:49:11,69.48400114,1.157501053,80.42780451,45.0872727
30/03/2025,21:12:47,57.71649796,0.088384973,5.101271114,45.09237397
30/03/2025,22:36:23,57.07763391,0.6337112132,36.17073663,45.1285447
31/03/2025,00:00:00,66.06284038,1.575820735,104.1031937,45.2326479